,attack,base_total,defense,height_m,hp,name,speed,weight_kg,generation,is_legendary
0,49,318,49,0.7,45,Bulbasaur,45,6.9,1,0
1,62,405,63,1.0,60,Ivysaur,60,13.0,1,0
2,100,625,123,2.0,80,Venusaur,80,100.0,1,0
3,52,309,43,0.6,39,Charmander,65,8.5,1,0
4,64,405,58,1.1,58,Charmeleon,80,19.0,1,0
5,104,634,78,1.7,78,Charizard,100,90.5,1,0
6,48,314,65,0.5,44,Squirtle,43,9.0,1,0
7,63,405,80,1.0,59,Wartortle,58,22.5,1,0
8,103,630,120,1.6,79,Blastoise,78,85.5,1,0
9,30,195,35,0.3,45,Caterpie,45,2.9,1,0
10,20,205,55,0.7,50,Metapod,30,9.9,1,0
11,45,395,50,1.1,60,Butterfree,70,32.0,1,0
12,35,195,30,0.3,40,Weedle,50,3.2,1,0
13,25,205,50,0.6,45,Kakuna,35,10.0,1,0
14,150,495,40,1.0,65,Beedrill,145,29.5,1,0
15,45,251,40,0.3,40,Pidgey,56,1.8,1,0
16,60,349,55,1.1,63,Pidgeotto,71,30.0,1,0
17,80,579,80,1.5,83,Pidgeot,121,39.5,1,0
18,56,253,35,,30,Rattata,72,,1,0
19,71,413,70,,75,Raticate,77,,1,0
20,60,262,30,0.3,40,Spearow,70,2.0,1,0
21,90,442,65,1.2,65,Fearow,100,38.0,1,0
22,60,288,44,2.0,35,Ekans,55,6.9,1,0
23,95,448,69,3.5,60,Arbok,80,65.0,1,0
24,55,320,40,0.4,35,Pikachu,90,6.0,1,0
25,85,485,50,,60,Raichu,110,,1,0
26,75,300,90,,50,Sandshrew,40,,1,0
27,100,450,120,,75,Sandslash,65,,1,0
28,47,275,52,0.4,55,Nidoran♀,41,7.0,1,0
29,62,365,67,0.8,70,Nidorina,56,20.0,1,0
30,92,505,87,1.3,90,Nidoqueen,76,60.0,1,0
31,57,273,40,0.5,46,Nidoran♂,50,9.0,1,0
32,72,365,57,0.9,61,Nidorino,65,19.5,1,0
33,102,505,77,1.4,81,Nidoking,85,62.0,1,0
34,45,323,48,0.6,70,Clefairy,35,7.5,1,0
35,70,483,73,1.3,95,Clefable,60,40.0,1,0
36,41,299,40,,38,Vulpix,65,,1,0
37,67,505,75,,73,Ninetales,109,,1,0
38,45,270,20,0.5,115,Jigglypuff,20,5.5,1,0
39,70,435,45,1.0,140,Wigglytuff,45,12.0,1,0
40,45,245,35,0.8,40,Zubat,55,7.5,1,0
41,80,455,70,1.6,75,Golbat,90,55.0,1,0
42,50,320,55,0.5,45,Oddish,30,5.4,1,0
43,65,395,70,0.8,60,Gloom,40,8.6,1,0
44,80,490,85,1.2,75,Vileplume,50,18.6,1,0
45,70,285,55,0.3,35,Paras,25,5.4,1,0
46,95,405,80,1.0,60,Parasect,30,29.5,1,0
47,55,305,50,1.0,60,Venonat,45,30.0,1,0
48,65,450,60,1.5,70,Venomoth,90,12.5,1,0
49,55,265,30,,10,Diglett,90,,1,0
50,100,425,60,,35,Dugtrio,110,,1,0
51,35,290,35,,40,Meowth,90,,1,0
52,60,440,60,,65,Persian,115,,1,0
53,52,320,48,0.8,50,Psyduck,55,19.6,1,0
54,82,500,78,1.7,80,Golduck,85,76.6,1,0
55,80,305,35,0.5,40,Mankey,70,28.0,1,0
56,105,455,60,1.0,65,Primeape,95,32.0,1,0
57,70,350,45,0.7,55,Growlithe,60,19.0,1,0
58,110,555,80,1.9,90,Arcanine,95,155.0,1,0
59,50,300,40,0.6,40,Poliwag,90,12.4,1,0
60,65,385,65,1.0,65,Poliwhirl,90,20.0,1,0
61,95,510,95,1.3,90,Poliwrath,70,54.0,1,0
62,20,310,15,0.9,25,Abra,90,19.5,1,0
63,35,400,30,1.3,40,Kadabra,105,56.5,1,0
64,50,600,65,1.5,55,Alakazam,150,48.0,1,0
65,80,305,50,0.8,70,Machop,35,19.5,1,0
66,100,405,70,1.5,80,Machoke,45,70.5,1,0
67,130,505,80,1.6,90,Machamp,55,130.0,1,0
68,75,300,35,0.7,50,Bellsprout,40,4.0,1,0
69,90,390,50,1.0,65,Weepinbell,55,6.4,1,0
70,105,490,65,1.7,80,Victreebel,70,15.5,1,0
71,40,335,35,0.9,40,Tentacool,70,45.5,1,0
72,70,515,65,1.6,80,Tentacruel,100,55.0,1,0
73,80,300,100,,40,Geodude,20,,1,0
74,95,390,115,,55,Graveler,35,,1,0
75,120,495,130,,80,Golem,45,,1,0
76,85,410,55,1.0,50,Ponyta,90,30.0,1,0
77,100,500,70,1.7,65,Rapidash,105,95.0,1,0
78,65,315,65,1.2,90,Slowpoke,15,36.0,1,0
79,75,590,180,1.6,95,Slowbro,30,78.5,1,0
80,35,325,70,0.3,25,Magnemite,45,6.0,1,0
81,60,465,95,1.0,50,Magneton,70,60.0,1,0
82,90,377,55,0.8,52,Farfetch'd,60,15.0,1,0
83,85,310,45,1.4,35,Doduo,75,39.2,1,0
84,110,470,70,1.8,60,Dodrio,110,85.2,1,0
85,45,325,55,1.1,65,Seel,45,90.0,1,0
86,70,475,80,1.7,90,Dewgong,70,120.0,1,0
87,80,325,50,,80,Grimer,25,,1,0
88,105,500,75,,105,Muk,50,,1,0
89,65,305,100,0.3,30,Shellder,40,4.0,1,0
90,95,525,180,1.5,50,Cloyster,70,132.5,1,0
91,35,310,30,1.3,30,Gastly,80,0.1,1,0
92,50,405,45,1.6,45,Haunter,95,0.1,1,0
93,65,600,80,1.5,60,Gengar,130,40.5,1,0
94,45,385,160,8.8,35,Onix,70,210.0,1,0
95,48,328,45,1.0,60,Drowzee,42,32.4,1,0
96,73,483,70,1.6,85,Hypno,67,75.6,1,0
97,105,325,90,0.4,30,Krabby,50,6.5,1,0
98,130,475,115,1.3,55,Kingler,75,60.0,1,0
99,30,330,50,0.5,40,Voltorb,100,10.4,1,0
100,50,490,70,1.2,60,Electrode,150,66.6,1,0
101,40,325,80,0.4,60,Exeggcute,40,2.5,1,0
102,105,530,85,,95,Exeggutor,45,,1,0
103,50,320,95,0.4,50,Cubone,35,6.5,1,0
104,80,425,110,,60,Marowak,45,,1,0
105,120,455,53,1.5,50,Hitmonlee,87,49.8,1,0
106,105,455,79,1.4,50,Hitmonchan,76,50.2,1,0
107,55,385,75,1.2,90,Lickitung,30,65.5,1,0
108,65,340,95,0.6,40,Koffing,35,1.0,1,0
109,90,490,120,1.2,65,Weezing,60,9.5,1,0
110,85,345,95,1.0,80,Rhyhorn,25,115.0,1,0
111,130,485,120,1.9,105,Rhydon,40,120.0,1,0
112,5,450,5,1.1,250,Chansey,50,34.6,1,0
113,55,435,115,1.0,65,Tangela,60,35.0,1,0
114,125,590,100,2.2,105,Kangaskhan,100,80.0,1,0
115,40,295,70,0.4,30,Horsea,60,8.0,1,0
116,65,440,95,1.2,55,Seadra,85,25.0,1,0
117,67,320,60,0.6,45,Goldeen,63,15.0,1,0
118,92,450,65,1.3,80,Seaking,68,39.0,1,0
119,45,340,55,0.8,30,Staryu,85,34.5,1,0
120,75,520,85,1.1,60,Starmie,115,80.0,1,0
121,45,460,65,1.3,40,Mr. Mime,90,54.5,1,0
122,110,500,80,1.5,70,Scyther,105,56.0,1,0
123,50,455,35,1.4,65,Jynx,95,40.6,1,0
124,83,490,57,1.1,65,Electabuzz,105,30.0,1,0
125,95,495,57,1.3,65,Magmar,93,44.5,1,0
126,155,600,120,1.5,65,Pinsir,105,55.0,1,0
127,100,490,95,1.4,75,Tauros,110,88.4,1,0
128,10,200,55,0.9,20,Magikarp,80,10.0,1,0
129,155,640,109,6.5,95,Gyarados,81,235.0,1,0
130,85,535,80,2.5,130,Lapras,60,220.0,1,0
131,48,288,48,0.3,48,Ditto,48,4.0,1,0
132,55,325,50,0.3,55,Eevee,55,6.5,1,0
133,65,525,60,1.0,130,Vaporeon,65,29.0,1,0
134,65,525,60,0.8,65,Jolteon,130,24.5,1,0
135,130,525,60,0.9,65,Flareon,65,25.0,1,0
136,60,395,70,0.8,65,Porygon,40,36.5,1,0
137,40,355,100,0.4,35,Omanyte,35,7.5,1,0
138,60,495,125,1.0,70,Omastar,55,35.0,1,0
139,80,355,90,0.5,30,Kabuto,55,11.5,1,0
140,115,495,105,1.3,60,Kabutops,80,40.5,1,0
141,135,615,85,1.8,80,Aerodactyl,150,59.0,1,0
142,110,540,65,2.1,160,Snorlax,30,460.0,1,0
143,85,580,100,1.7,90,Articuno,85,55.4,1,1
144,90,580,85,1.6,90,Zapdos,100,52.6,1,1
145,100,580,90,2.0,90,Moltres,90,60.0,1,1
146,64,300,45,1.8,41,Dratini,50,3.3,1,0
147,84,420,65,4.0,61,Dragonair,70,16.5,1,0
148,134,600,95,2.2,91,Dragonite,80,210.0,1,0
149,150,780,70,2.0,106,Mewtwo,140,122.0,1,1
150,100,600,100,0.4,100,Mew,100,4.0,1,1
151,49,318,65,0.9,45,Chikorita,45,6.4,2,0
152,62,405,80,1.2,60,Bayleef,60,15.8,2,0
153,82,525,100,1.8,80,Meganium,80,100.5,2,0
154,52,309,43,0.5,39,Cyndaquil,65,7.9,2,0
155,64,405,58,0.9,58,Quilava,80,19.0,2,0
156,84,534,78,1.7,78,Typhlosion,100,79.5,2,0
157,65,314,64,0.6,50,Totodile,43,9.5,2,0
158,80,405,80,1.1,65,Croconaw,58,25.0,2,0
159,105,530,100,2.3,85,Feraligatr,78,88.8,2,0
160,46,215,34,0.8,35,Sentret,20,6.0,2,0
161,76,415,64,1.8,85,Furret,90,32.5,2,0
162,30,262,30,0.7,60,Hoothoot,50,21.2,2,0
163,50,452,50,1.6,100,Noctowl,70,40.8,2,0
164,20,265,30,1.0,40,Ledyba,55,10.8,2,0
165,35,390,50,1.4,55,Ledian,85,35.6,2,0
166,60,250,40,0.5,40,Spinarak,30,8.5,2,0
167,90,400,70,1.1,70,Ariados,40,33.5,2,0
168,90,535,80,1.8,85,Crobat,130,75.0,2,0
169,38,330,38,0.5,75,Chinchou,67,12.0,2,0
170,58,460,58,1.2,125,Lanturn,67,22.5,2,0
171,40,205,15,0.3,20,Pichu,60,2.0,2,0
172,25,218,28,0.3,50,Cleffa,15,3.0,2,0
173,30,210,15,0.3,90,Igglybuff,15,1.0,2,0
174,20,245,65,0.3,35,Togepi,20,1.5,2,0
175,40,405,85,0.6,55,Togetic,40,3.2,2,0
176,50,320,45,0.2,40,Natu,70,2.0,2,0
177,75,470,70,1.5,65,Xatu,95,15.0,2,0
178,40,280,40,0.6,55,Mareep,35,7.8,2,0
179,55,365,55,0.8,70,Flaaffy,45,13.3,2,0
180,95,610,105,1.4,90,Ampharos,45,61.5,2,0
181,80,490,95,0.4,75,Bellossom,50,5.8,2,0
182,20,250,50,0.4,70,Marill,40,8.5,2,0
183,50,420,80,0.8,100,Azumarill,50,28.5,2,0
184,100,410,115,1.2,70,Sudowoodo,30,38.0,2,0
185,75,500,75,1.1,90,Politoed,70,33.9,2,0
186,35,250,40,0.4,35,Hoppip,50,0.5,2,0
187,45,340,50,0.6,55,Skiploom,80,1.0,2,0
188,55,460,70,0.8,75,Jumpluff,110,3.0,2,0
189,70,360,55,0.8,55,Aipom,85,11.5,2,0
190,30,180,30,0.3,30,Sunkern,30,1.8,2,0
191,75,425,55,0.8,75,Sunflora,30,8.5,2,0
192,65,390,45,1.2,65,Yanma,95,38.0,2,0
193,45,210,45,0.4,55,Wooper,15,8.5,2,0
194,85,430,85,1.4,95,Quagsire,35,75.0,2,0
195,65,525,60,0.9,65,Espeon,110,26.5,2,0
196,65,525,110,1.0,95,Umbreon,65,27.0,2,0
197,85,405,42,0.5,60,Murkrow,91,2.1,2,0
198,75,490,80,2.0,95,Slowking,30,79.5,2,0
199,60,435,60,0.7,60,Misdreavus,85,1.0,2,0
200,72,336,48,0.5,48,Unown,48,5.0,2,0
201,33,405,58,1.3,190,Wobbuffet,33,28.5,2,0
202,80,455,65,1.5,70,Girafarig,85,41.5,2,0
203,65,290,90,0.6,50,Pineco,15,7.2,2,0
204,90,465,140,1.2,75,Forretress,40,125.8,2,0
205,70,415,70,1.5,100,Dunsparce,45,14.0,2,0
206,75,430,105,1.1,65,Gligar,85,64.8,2,0
207,125,610,230,9.2,75,Steelix,30,400.0,2,0
208,80,300,50,0.6,60,Snubbull,30,7.8,2,0
209,120,450,75,1.4,90,Granbull,45,48.7,2,0
210,95,440,85,0.5,65,Qwilfish,85,3.9,2,0
211,150,600,140,1.8,70,Scizor,75,118.0,2,0
212,10,505,230,0.6,20,Shuckle,5,20.5,2,0
213,185,600,115,1.5,80,Heracross,75,54.0,2,0
214,95,430,55,0.9,55,Sneasel,115,28.0,2,0
215,80,330,50,0.6,60,Teddiursa,40,8.8,2,0
216,130,500,75,1.8,90,Ursaring,55,125.8,2,0
217,40,250,40,0.7,40,Slugma,20,35.0,2,0
218,50,430,120,0.8,60,Magcargo,30,55.0,2,0
219,50,250,40,0.4,50,Swinub,50,6.5,2,0
220,100,450,80,1.1,100,Piloswine,50,55.8,2,0
221,55,410,95,0.6,65,Corsola,35,5.0,2,0
222,65,300,35,0.6,35,Remoraid,65,12.0,2,0
223,105,480,75,0.9,75,Octillery,45,28.5,2,0
224,55,330,45,0.9,45,Delibird,75,16.0,2,0
225,40,485,70,2.1,85,Mantine,70,220.0,2,0
226,80,465,140,1.7,65,Skarmory,70,50.5,2,0
227,60,330,30,0.6,45,Houndour,65,10.8,2,0
228,90,600,90,1.4,75,Houndoom,115,35.0,2,0
229,95,540,95,1.8,75,Kingdra,85,152.0,2,0
230,60,330,60,0.5,90,Phanpy,40,33.5,2,0
231,120,500,120,1.1,90,Donphan,50,120.0,2,0
232,80,515,90,0.6,85,Porygon2,60,32.5,2,0
233,95,465,62,1.4,73,Stantler,85,71.2,2,0
234,20,250,35,1.2,55,Smeargle,75,58.0,2,0
235,35,210,35,0.7,35,Tyrogue,35,21.0,2,0
236,95,455,95,1.4,50,Hitmontop,70,48.0,2,0
237,30,305,15,0.4,45,Smoochum,65,6.0,2,0
238,63,360,37,0.6,45,Elekid,95,23.5,2,0
239,75,365,37,0.7,45,Magby,83,21.4,2,0
240,80,490,105,1.2,95,Miltank,100,75.5,2,0
241,10,540,10,1.5,255,Blissey,55,46.8,2,0
242,85,580,75,1.9,90,Raikou,115,178.0,2,1
243,115,580,85,2.1,115,Entei,100,198.0,2,1
244,75,580,115,2.0,100,Suicune,85,187.0,2,1
245,64,300,50,0.6,50,Larvitar,41,72.0,2,0
246,84,410,70,1.2,70,Pupitar,51,152.0,2,0
247,164,700,150,2.0,100,Tyranitar,71,202.0,2,0
248,90,680,130,5.2,106,Lugia,110,216.0,2,1
249,130,680,90,3.8,106,Ho-Oh,90,199.0,2,1
250,100,600,100,0.6,100,Celebi,100,5.0,2,1
251,45,310,35,0.5,40,Treecko,70,5.0,3,0
252,65,405,45,0.9,50,Grovyle,95,21.6,3,0
253,110,630,75,1.7,70,Sceptile,145,52.2,3,0
254,60,310,40,0.4,45,Torchic,45,2.5,3,0
255,85,405,60,0.9,60,Combusken,55,19.5,3,0
256,160,630,80,1.9,80,Blaziken,100,52.0,3,0
257,70,310,50,0.4,50,Mudkip,40,7.6,3,0
258,85,405,70,0.7,70,Marshtomp,50,28.0,3,0
259,150,635,110,1.5,100,Swampert,70,81.9,3,0
260,55,220,35,0.5,35,Poochyena,35,13.6,3,0
261,90,420,70,1.0,70,Mightyena,70,37.0,3,0
262,30,240,41,0.4,38,Zigzagoon,60,17.5,3,0
263,70,420,61,0.5,78,Linoone,100,32.5,3,0
264,45,195,35,0.3,45,Wurmple,20,3.6,3,0
265,35,205,55,0.6,50,Silcoon,15,10.0,3,0
266,70,395,50,1.0,60,Beautifly,65,28.4,3,0
267,35,205,55,0.7,50,Cascoon,15,11.5,3,0
268,50,385,70,1.2,60,Dustox,65,31.6,3,0
269,30,220,30,0.5,40,Lotad,30,2.6,3,0
270,50,340,50,1.2,60,Lombre,50,32.5,3,0
271,70,480,70,1.5,80,Ludicolo,70,55.0,3,0
272,40,220,50,0.5,40,Seedot,30,4.0,3,0
273,70,340,40,1.0,70,Nuzleaf,60,28.0,3,0
274,100,480,60,1.3,90,Shiftry,80,59.6,3,0
275,55,270,30,0.3,40,Taillow,85,2.3,3,0
276,85,455,60,0.7,60,Swellow,125,19.8,3,0
277,30,270,30,0.6,40,Wingull,85,9.5,3,0
278,50,440,100,1.2,60,Pelipper,65,28.0,3,0
279,25,198,25,0.4,28,Ralts,40,6.6,3,0
280,35,278,35,0.8,38,Kirlia,50,20.2,3,0
281,85,618,65,1.6,68,Gardevoir,100,48.4,3,0
282,30,269,32,0.5,40,Surskit,65,1.7,3,0
283,60,454,62,0.8,70,Masquerain,80,3.6,3,0
284,40,295,60,0.4,60,Shroomish,35,4.5,3,0
285,130,460,80,1.2,60,Breloom,70,39.2,3,0
286,60,280,60,0.8,60,Slakoth,30,24.0,3,0
287,80,440,80,1.4,80,Vigoroth,90,46.5,3,0
288,160,670,100,2.0,150,Slaking,100,130.5,3,0
289,45,266,90,0.5,31,Nincada,40,5.5,3,0
290,90,456,45,0.8,61,Ninjask,160,12.0,3,0
291,90,236,45,0.8,1,Shedinja,40,1.2,3,0
292,51,240,23,0.6,64,Whismur,28,16.3,3,0
293,71,360,43,1.0,84,Loudred,48,40.5,3,0
294,91,490,63,1.5,104,Exploud,68,84.0,3,0
295,60,237,30,1.0,72,Makuhita,25,86.4,3,0
296,120,474,60,2.3,144,Hariyama,50,253.8,3,0
297,20,190,40,0.2,50,Azurill,20,2.0,3,0
298,45,375,135,1.0,30,Nosepass,30,97.0,3,0
299,45,260,45,0.6,50,Skitty,50,11.0,3,0
300,65,400,65,1.1,70,Delcatty,90,32.6,3,0
301,85,480,125,0.5,50,Sableye,20,11.0,3,0
302,105,480,125,0.6,50,Mawile,50,11.5,3,0
303,70,330,100,0.4,50,Aron,30,60.0,3,0
304,90,430,140,0.9,60,Lairon,40,120.0,3,0
305,140,630,230,2.1,70,Aggron,50,360.0,3,0
306,40,280,55,0.6,30,Meditite,60,11.2,3,0
307,100,510,85,1.3,60,Medicham,100,31.5,3,0
308,45,295,40,0.6,40,Electrike,65,15.2,3,0
309,75,575,80,1.5,70,Manectric,135,40.2,3,0
310,50,405,40,0.4,60,Plusle,95,4.2,3,0
311,40,405,50,0.4,60,Minun,95,4.2,3,0
312,73,430,75,0.7,65,Volbeat,85,17.7,3,0
313,47,430,75,0.6,65,Illumise,85,17.7,3,0
314,60,400,45,0.3,50,Roselia,65,2.0,3,0
315,43,302,53,0.4,70,Gulpin,40,10.3,3,0
316,73,467,83,1.7,100,Swalot,55,80.0,3,0
317,90,305,20,0.8,45,Carvanha,65,20.8,3,0
318,140,560,70,1.8,70,Sharpedo,105,88.8,3,0
319,70,400,35,2.0,130,Wailmer,60,130.0,3,0
320,90,500,45,14.5,170,Wailord,60,398.0,3,0
321,60,305,40,0.7,60,Numel,35,24.0,3,0
322,120,560,100,1.9,70,Camerupt,20,220.0,3,0
323,85,470,140,0.5,70,Torkoal,20,80.4,3,0
324,25,330,35,0.7,60,Spoink,60,30.6,3,0
325,45,470,65,0.9,80,Grumpig,80,71.5,3,0
326,60,360,60,1.1,60,Spinda,60,5.0,3,0
327,100,290,45,0.7,45,Trapinch,10,15.0,3,0
328,70,340,50,1.1,50,Vibrava,70,15.3,3,0
329,100,520,80,2.0,80,Flygon,100,82.0,3,0
330,85,335,40,0.4,50,Cacnea,35,51.3,3,0
331,115,475,60,1.3,70,Cacturne,55,77.4,3,0
332,40,310,60,0.4,45,Swablu,50,1.2,3,0
333,110,590,110,1.1,75,Altaria,80,20.6,3,0
334,115,458,60,1.3,73,Zangoose,90,40.3,3,0
335,100,458,60,2.7,73,Seviper,65,52.5,3,0
336,55,460,65,1.0,90,Lunatone,70,168.0,3,0
337,95,460,85,1.2,90,Solrock,70,154.0,3,0
338,48,288,43,0.4,50,Barboach,60,1.9,3,0
339,78,468,73,0.9,110,Whiscash,60,23.6,3,0
340,80,308,65,0.6,43,Corphish,35,11.5,3,0
341,120,468,85,1.1,63,Crawdaunt,55,32.8,3,0
342,40,300,55,0.5,40,Baltoy,55,21.5,3,0
343,70,500,105,1.5,60,Claydol,75,108.0,3,0
344,41,355,77,1.0,66,Lileep,23,23.8,3,0
345,81,495,97,1.5,86,Cradily,43,60.4,3,0
346,95,355,50,0.7,45,Anorith,75,12.5,3,0
347,125,495,100,1.5,75,Armaldo,45,68.2,3,0
348,15,200,20,0.6,20,Feebas,80,7.4,3,0
349,60,540,79,6.2,95,Milotic,81,162.0,3,0
350,70,420,70,0.3,70,Castform,70,0.8,3,0
351,90,440,70,1.0,60,Kecleon,40,22.0,3,0
352,75,295,35,0.6,44,Shuppet,45,2.3,3,0
353,165,555,75,1.1,64,Banette,75,12.5,3,0
354,40,295,90,0.8,20,Duskull,25,15.0,3,0
355,70,455,130,1.6,40,Dusclops,25,30.6,3,0
356,68,460,83,2.0,99,Tropius,51,100.0,3,0
357,50,455,80,0.6,75,Chimecho,65,1.0,3,0
358,150,565,60,1.2,65,Absol,115,47.0,3,0
359,23,260,48,0.6,95,Wynaut,23,14.0,3,0
360,50,300,50,0.7,50,Snorunt,50,16.8,3,0
361,120,580,80,1.5,80,Glalie,100,256.5,3,0
362,40,290,50,0.8,70,Spheal,25,39.5,3,0
363,60,410,70,1.1,90,Sealeo,45,87.6,3,0
364,80,530,90,1.4,110,Walrein,65,150.6,3,0
365,64,345,85,0.4,35,Clamperl,32,52.5,3,0
366,104,485,105,1.7,55,Huntail,52,27.0,3,0
367,84,485,105,1.8,55,Gorebyss,52,22.6,3,0
368,90,485,130,1.0,100,Relicanth,55,23.4,3,0
369,30,330,55,0.6,43,Luvdisc,97,8.7,3,0
370,75,300,60,0.6,45,Bagon,50,42.1,3,0
371,95,420,100,1.1,65,Shelgon,50,110.5,3,0
372,145,700,130,1.5,95,Salamence,120,102.6,3,0
373,55,300,80,0.6,40,Beldum,30,95.2,3,0
374,75,420,100,1.2,60,Metang,50,202.5,3,0
375,145,700,150,1.6,80,Metagross,110,550.0,3,0
376,100,580,200,1.7,80,Regirock,50,230.0,3,1
377,50,580,100,1.8,80,Regice,50,175.0,3,1
378,75,580,150,1.9,80,Registeel,50,205.0,3,1
379,100,700,120,1.4,80,Latias,110,40.0,3,1
380,130,700,100,2.0,80,Latios,110,60.0,3,1
381,150,770,90,4.5,100,Kyogre,90,352.0,3,1
382,180,770,160,3.5,100,Groudon,90,950.0,3,1
383,180,780,100,7.0,105,Rayquaza,115,206.5,3,1
384,100,600,100,0.3,100,Jirachi,100,1.1,3,1
385,95,600,90,1.7,50,Deoxys,180,60.8,3,1
386,68,318,64,0.4,55,Turtwig,31,10.2,4,0
387,89,405,85,1.1,75,Grotle,36,97.0,4,0
388,109,525,105,2.2,95,Torterra,56,310.0,4,0
389,58,309,44,0.5,44,Chimchar,61,6.2,4,0
390,78,405,52,0.9,64,Monferno,81,22.0,4,0
391,104,534,71,1.2,76,Infernape,108,55.0,4,0
392,51,314,53,0.4,53,Piplup,40,5.2,4,0
393,66,405,68,0.8,64,Prinplup,50,23.0,4,0
394,86,530,88,1.7,84,Empoleon,60,84.5,4,0
395,55,245,30,0.3,40,Starly,60,2.0,4,0
396,75,340,50,0.6,55,Staravia,80,15.5,4,0
397,120,485,70,1.2,85,Staraptor,100,24.9,4,0
398,45,250,40,0.5,59,Bidoof,31,20.0,4,0
399,85,410,60,1.0,79,Bibarel,71,31.5,4,0
400,25,194,41,0.3,37,Kricketot,25,2.2,4,0
401,85,384,51,1.0,77,Kricketune,65,25.5,4,0
402,65,263,34,0.5,45,Shinx,45,9.5,4,0
403,85,363,49,0.9,60,Luxio,60,30.5,4,0
404,120,523,79,1.4,80,Luxray,70,42.0,4,0
405,30,280,35,0.2,40,Budew,55,1.2,4,0
406,70,515,65,0.9,60,Roserade,90,14.5,4,0
407,125,350,40,0.9,67,Cranidos,58,31.5,4,0
408,165,495,60,1.6,97,Rampardos,58,102.5,4,0
409,42,350,118,0.5,30,Shieldon,30,57.0,4,0
410,52,495,168,1.3,60,Bastiodon,30,149.5,4,0
411,29,224,45,0.2,40,Burmy,36,3.4,4,0
412,69,424,95,0.5,60,Wormadam,36,6.5,4,0
413,94,424,50,0.9,70,Mothim,66,23.3,4,0
414,30,244,42,0.3,30,Combee,70,5.5,4,0
415,80,474,102,1.2,70,Vespiquen,40,38.5,4,0
416,45,405,70,0.4,60,Pachirisu,95,3.9,4,0
417,65,330,35,0.7,55,Buizel,85,29.5,4,0
418,105,495,55,1.1,85,Floatzel,115,33.5,4,0
419,35,275,45,0.4,45,Cherubi,35,3.3,4,0
420,60,450,70,0.5,70,Cherrim,85,9.3,4,0
421,48,325,48,0.3,76,Shellos,34,6.3,4,0
422,83,475,68,0.9,111,Gastrodon,39,29.9,4,0
423,100,482,66,1.2,75,Ambipom,115,20.3,4,0
424,50,348,34,0.4,90,Drifloon,70,1.2,4,0
425,80,498,44,1.2,150,Drifblim,80,15.0,4,0
426,66,350,44,0.4,55,Buneary,85,5.5,4,0
427,136,580,94,1.2,65,Lopunny,135,33.3,4,0
428,60,495,60,0.9,60,Mismagius,105,4.4,4,0
429,125,505,52,0.9,100,Honchkrow,71,27.3,4,0
430,55,310,42,0.5,49,Glameow,85,3.9,4,0
431,82,452,64,1.0,71,Purugly,112,43.8,4,0
432,30,285,50,0.2,45,Chingling,45,0.6,4,0
433,63,329,47,0.4,63,Stunky,74,19.2,4,0
434,93,479,67,1.0,103,Skuntank,84,38.0,4,0
435,24,300,86,0.5,57,Bronzor,23,60.5,4,0
436,89,500,116,1.3,67,Bronzong,33,187.0,4,0
437,80,290,95,0.5,50,Bonsly,10,15.0,4,0
438,25,310,45,0.6,20,Mime Jr.,60,13.0,4,0
439,5,220,5,0.6,100,Happiny,30,24.4,4,0
440,65,411,45,0.5,76,Chatot,91,1.9,4,0
441,92,485,108,1.0,50,Spiritomb,35,108.0,4,0
442,70,300,45,0.7,58,Gible,42,20.5,4,0
443,90,410,65,1.4,68,Gabite,82,56.0,4,0
444,170,700,115,1.9,108,Garchomp,92,95.0,4,0
445,85,390,40,0.6,135,Munchlax,5,105.0,4,0
446,70,285,40,0.7,40,Riolu,60,20.2,4,0
447,145,625,88,1.2,70,Lucario,112,54.0,4,0
448,72,330,78,0.8,68,Hippopotas,32,49.5,4,0
449,112,525,118,2.0,108,Hippowdon,47,300.0,4,0
450,50,330,90,0.8,40,Skorupi,65,12.0,4,0
451,90,500,110,1.3,70,Drapion,95,61.5,4,0
452,61,300,40,0.7,48,Croagunk,50,23.0,4,0
453,106,490,65,1.3,83,Toxicroak,85,44.4,4,0
454,100,454,72,1.4,74,Carnivine,46,27.0,4,0
455,49,330,56,0.4,49,Finneon,66,7.0,4,0
456,69,460,76,1.2,69,Lumineon,91,24.0,4,0
457,20,345,50,1.0,45,Mantyke,50,65.0,4,0
458,62,334,50,1.0,60,Snover,40,50.5,4,0
459,132,594,105,2.2,90,Abomasnow,30,135.5,4,0
460,120,510,65,1.1,70,Weavile,125,34.0,4,0
461,70,535,115,1.2,70,Magnezone,60,180.0,4,0
462,85,515,95,1.7,110,Lickilicky,50,140.0,4,0
463,140,535,130,2.4,115,Rhyperior,40,282.8,4,0
464,100,535,125,2.0,100,Tangrowth,50,128.6,4,0
465,123,540,67,1.8,75,Electivire,95,138.6,4,0
466,95,540,67,1.6,75,Magmortar,83,68.0,4,0
467,50,545,95,1.5,85,Togekiss,80,38.0,4,0
468,76,515,86,1.9,86,Yanmega,95,51.5,4,0
469,110,525,130,1.0,65,Leafeon,95,25.5,4,0
470,60,525,110,0.8,65,Glaceon,65,25.9,4,0
471,95,510,125,2.0,75,Gliscor,95,42.5,4,0
472,130,530,80,2.5,110,Mamoswine,80,291.0,4,0
473,80,535,70,0.9,85,Porygon-Z,90,34.0,4,0
474,165,618,95,1.6,68,Gallade,110,52.0,4,0
475,55,525,145,1.4,60,Probopass,40,340.0,4,0
476,100,525,135,2.2,45,Dusknoir,45,106.6,4,0
477,80,480,70,1.3,70,Froslass,110,26.6,4,0
478,65,520,107,0.3,50,Rotom,86,0.3,4,0
479,75,580,130,0.3,75,Uxie,95,0.3,4,1
480,105,580,105,0.3,80,Mesprit,80,0.3,4,1
481,125,580,70,0.3,75,Azelf,115,0.3,4,1
482,120,680,120,5.4,100,Dialga,90,683.0,4,1
483,120,680,100,4.2,90,Palkia,100,336.0,4,1
484,90,600,106,1.7,91,Heatran,77,430.0,4,1
485,160,670,110,3.7,110,Regigigas,100,420.0,4,1
486,120,680,100,4.5,150,Giratina,90,750.0,4,1
487,70,600,120,1.5,120,Cresselia,85,85.6,4,1
488,80,480,80,0.4,80,Phione,80,3.1,4,0
489,100,600,100,0.3,100,Manaphy,100,1.4,4,1
490,90,600,90,1.5,70,Darkrai,125,50.5,4,1
491,103,600,75,0.2,100,Shaymin,127,2.1,4,1
492,120,720,120,3.2,120,Arceus,120,320.0,4,1
493,100,600,100,0.4,100,Victini,100,4.0,5,1
494,45,308,55,0.6,45,Snivy,63,8.1,5,0
495,60,413,75,0.8,60,Servine,83,16.0,5,0
496,75,528,95,3.3,75,Serperior,113,63.0,5,0
497,63,308,45,0.5,65,Tepig,45,9.9,5,0
498,93,418,55,1.0,90,Pignite,55,55.5,5,0
499,123,528,65,1.6,110,Emboar,65,150.0,5,0
500,55,308,45,0.5,55,Oshawott,45,5.9,5,0
501,75,413,60,0.8,75,Dewott,60,24.5,5,0
502,100,528,85,1.5,95,Samurott,70,94.6,5,0
503,55,255,39,0.5,45,Patrat,42,11.6,5,0
504,85,420,69,1.1,60,Watchog,77,27.0,5,0
505,60,275,45,0.4,45,Lillipup,55,4.1,5,0
506,80,370,65,0.9,65,Herdier,60,14.7,5,0
507,110,500,90,1.2,85,Stoutland,80,61.0,5,0
508,50,281,37,0.4,41,Purrloin,66,10.1,5,0
509,88,446,50,1.1,64,Liepard,106,37.5,5,0
510,53,316,48,0.6,50,Pansage,64,10.5,5,0
511,98,498,63,1.1,75,Simisage,101,30.5,5,0
512,53,316,48,0.6,50,Pansear,64,11.0,5,0
513,98,498,63,1.0,75,Simisear,101,28.0,5,0
514,53,316,48,0.6,50,Panpour,64,13.5,5,0
515,98,498,63,1.0,75,Simipour,101,29.0,5,0
516,25,292,45,0.6,76,Munna,24,23.3,5,0
517,55,487,85,1.1,116,Musharna,29,60.5,5,0
518,55,264,50,0.3,50,Pidove,43,2.1,5,0
519,77,358,62,0.6,62,Tranquill,65,15.0,5,0
520,115,488,80,1.2,80,Unfezant,93,29.0,5,0
521,60,295,32,0.8,45,Blitzle,76,29.8,5,0
522,100,497,63,1.6,75,Zebstrika,116,79.5,5,0
523,75,280,85,0.4,55,Roggenrola,15,18.0,5,0
524,105,390,105,0.9,70,Boldore,20,102.0,5,0
525,135,515,130,1.7,85,Gigalith,25,260.0,5,0
526,45,323,43,0.4,65,Woobat,72,2.1,5,0
527,57,425,55,0.9,67,Swoobat,114,10.5,5,0
528,85,328,40,0.3,60,Drilbur,68,8.5,5,0
529,135,508,60,0.7,110,Excadrill,88,40.4,5,0
530,60,545,126,1.1,103,Audino,50,31.0,5,0
531,80,305,55,0.6,75,Timburr,35,12.5,5,0
532,105,405,85,1.2,85,Gurdurr,40,40.0,5,0
533,140,505,95,1.4,105,Conkeldurr,45,87.0,5,0
534,50,294,40,0.5,50,Tympole,64,4.5,5,0
535,65,384,55,0.8,75,Palpitoad,69,17.0,5,0
536,95,509,75,1.5,105,Seismitoad,74,62.0,5,0
537,100,465,85,1.3,120,Throh,45,55.5,5,0
538,125,465,75,1.4,75,Sawk,85,51.0,5,0
539,53,310,70,0.3,45,Sewaddle,42,2.5,5,0
540,63,380,90,0.5,55,Swadloon,42,7.3,5,0
541,103,500,80,1.2,75,Leavanny,92,20.5,5,0
542,45,260,59,0.4,30,Venipede,57,5.3,5,0
543,55,360,99,1.2,40,Whirlipede,47,58.5,5,0
544,100,485,89,2.5,60,Scolipede,112,200.5,5,0
545,27,280,60,0.3,40,Cottonee,66,0.6,5,0
546,67,480,85,0.7,60,Whimsicott,116,6.6,5,0
547,35,280,50,0.5,45,Petilil,30,6.6,5,0
548,60,480,75,1.1,70,Lilligant,90,16.3,5,0
549,92,460,65,1.0,70,Basculin,98,18.0,5,0
550,72,292,35,0.7,50,Sandile,65,15.2,5,0
551,82,351,45,1.0,60,Krokorok,74,33.4,5,0
552,117,519,80,1.5,95,Krookodile,92,96.3,5,0
553,90,315,45,0.6,70,Darumaka,50,37.5,5,0
554,30,540,105,1.3,105,Darmanitan,55,92.9,5,0
555,86,461,67,1.0,75,Maractus,60,28.0,5,0
556,65,325,85,0.3,50,Dwebble,55,14.5,5,0
557,105,485,125,1.4,70,Crustle,45,200.0,5,0
558,75,348,70,0.6,50,Scraggy,48,11.8,5,0
559,90,488,115,1.1,65,Scrafty,58,30.0,5,0
560,58,490,80,1.4,72,Sigilyph,97,14.0,5,0
561,30,303,85,0.5,38,Yamask,30,1.5,5,0
562,50,483,145,1.7,58,Cofagrigus,30,76.5,5,0
563,78,355,103,0.7,54,Tirtouga,22,16.5,5,0
564,108,495,133,1.2,74,Carracosta,32,81.0,5,0
565,112,401,45,0.5,55,Archen,70,9.5,5,0
566,140,567,65,1.4,75,Archeops,110,32.0,5,0
567,50,329,62,0.6,50,Trubbish,65,31.0,5,0
568,95,474,82,1.9,80,Garbodor,75,107.3,5,0
569,65,330,40,0.7,40,Zorua,65,12.5,5,0
570,105,510,60,1.6,60,Zoroark,105,81.1,5,0
571,50,300,40,0.4,55,Minccino,75,5.8,5,0
572,95,470,60,0.5,75,Cinccino,115,7.5,5,0
573,30,290,50,0.4,45,Gothita,45,5.8,5,0
574,45,390,70,0.7,60,Gothorita,55,18.0,5,0
575,55,490,95,1.5,70,Gothitelle,65,44.0,5,0
576,30,290,40,0.3,45,Solosis,20,1.0,5,0
577,40,370,50,0.6,65,Duosion,30,8.0,5,0
578,65,490,75,1.0,110,Reuniclus,30,20.1,5,0
579,44,305,50,0.5,62,Ducklett,55,5.5,5,0
580,87,473,63,1.3,75,Swanna,98,24.2,5,0
581,50,305,50,0.4,36,Vanillite,44,5.7,5,0
582,65,395,65,1.1,51,Vanillish,59,41.0,5,0
583,95,535,85,1.3,71,Vanilluxe,79,57.5,5,0
584,60,335,50,0.6,60,Deerling,75,19.5,5,0
585,100,475,70,1.9,80,Sawsbuck,95,92.5,5,0
586,75,428,60,0.4,55,Emolga,103,5.0,5,0
587,75,315,45,0.5,50,Karrablast,60,5.9,5,0
588,135,495,105,1.0,70,Escavalier,20,33.0,5,0
589,55,294,45,0.2,69,Foongus,15,1.0,5,0
590,85,464,70,0.6,114,Amoonguss,30,10.5,5,0
591,40,335,50,1.2,55,Frillish,40,33.0,5,0
592,60,480,70,2.2,100,Jellicent,60,135.0,5,0
593,75,470,80,1.2,165,Alomomola,65,31.6,5,0
594,47,319,50,0.1,50,Joltik,65,0.6,5,0
595,77,472,60,0.8,70,Galvantula,108,14.3,5,0
596,50,305,91,0.6,44,Ferroseed,10,18.8,5,0
597,94,489,131,1.0,74,Ferrothorn,20,110.0,5,0
598,55,300,70,0.3,40,Klink,30,21.0,5,0
599,80,440,95,0.6,60,Klang,50,51.0,5,0
600,100,520,115,0.6,60,Klinklang,90,81.0,5,0
601,55,275,40,0.2,35,Tynamo,60,0.3,5,0
602,85,405,70,1.2,65,Eelektrik,40,22.0,5,0
603,115,515,80,2.1,85,Eelektross,50,80.5,5,0
604,55,335,55,0.5,55,Elgyem,30,9.0,5,0
605,75,485,75,1.0,75,Beheeyem,40,34.5,5,0
606,30,275,55,0.3,50,Litwick,20,3.1,5,0
607,40,370,60,0.6,60,Lampent,55,13.0,5,0
608,55,520,90,1.0,60,Chandelure,80,34.3,5,0
609,87,320,60,0.6,46,Axew,57,18.0,5,0
610,117,410,70,1.0,66,Fraxure,67,36.0,5,0
611,147,540,90,1.8,76,Haxorus,97,105.5,5,0
612,70,305,40,0.5,55,Cubchoo,40,8.5,5,0
613,130,505,80,2.6,95,Beartic,50,260.0,5,0
614,50,515,50,1.1,80,Cryogonal,105,148.0,5,0
615,40,305,85,0.4,50,Shelmet,25,7.7,5,0
616,70,495,40,0.8,80,Accelgor,145,25.3,5,0
617,66,471,84,0.7,109,Stunfisk,32,11.0,5,0
618,85,350,50,0.9,45,Mienfoo,65,20.0,5,0
619,125,510,60,1.4,65,Mienshao,105,35.5,5,0
620,120,485,90,1.6,77,Druddigon,48,139.0,5,0
621,74,303,50,1.0,59,Golett,35,92.0,5,0
622,124,483,80,2.8,89,Golurk,55,330.0,5,0
623,85,340,70,0.5,45,Pawniard,60,10.2,5,0
624,125,490,100,1.6,65,Bisharp,70,70.0,5,0
625,110,490,95,1.6,95,Bouffalant,55,94.6,5,0
626,83,350,50,0.5,70,Rufflet,60,10.5,5,0
627,123,510,75,1.5,100,Braviary,80,41.0,5,0
628,55,370,75,0.5,70,Vullaby,60,9.0,5,0
629,65,510,105,1.2,110,Mandibuzz,80,39.5,5,0
630,97,484,66,1.4,85,Heatmor,65,58.0,5,0
631,109,484,112,0.3,58,Durant,109,33.0,5,0
632,65,300,50,0.8,52,Deino,38,17.3,5,0
633,85,420,70,1.4,72,Zweilous,58,50.0,5,0
634,105,600,90,1.8,92,Hydreigon,98,160.0,5,0
635,85,360,55,1.1,55,Larvesta,60,28.8,5,0
636,60,550,65,1.6,85,Volcarona,100,46.0,5,0
637,90,580,129,2.1,91,Cobalion,108,250.0,5,1
638,129,580,90,1.9,91,Terrakion,108,260.0,5,1
639,90,580,72,2.0,91,Virizion,108,200.0,5,1
640,100,580,80,1.5,79,Tornadus,121,63.0,5,1
641,105,580,70,1.5,79,Thundurus,101,61.0,5,1
642,120,680,100,3.2,100,Reshiram,90,330.0,5,1
643,150,680,120,2.9,100,Zekrom,90,345.0,5,1
644,145,600,90,1.5,89,Landorus,91,68.0,5,1
645,120,700,90,3.0,125,Kyurem,95,325.0,5,1
646,72,580,90,1.4,91,Keldeo,108,48.5,5,1
647,128,600,90,0.6,100,Meloetta,128,6.5,5,1
648,120,600,95,1.5,71,Genesect,99,82.5,5,1
649,61,313,65,0.4,56,Chespin,38,9.0,6,0
650,78,405,95,0.7,61,Quilladin,57,29.0,6,0
651,107,530,122,1.6,88,Chesnaught,64,90.0,6,0
652,45,307,40,0.4,40,Fennekin,60,9.4,6,0
653,59,409,58,1.0,59,Braixen,73,14.5,6,0
654,69,534,72,1.5,75,Delphox,104,39.0,6,0
655,56,314,40,0.3,41,Froakie,71,7.0,6,0
656,63,405,52,0.6,54,Frogadier,97,10.9,6,0
657,145,640,67,1.5,72,Greninja,132,40.0,6,0
658,36,237,38,0.4,38,Bunnelby,57,5.0,6,0
659,56,423,77,1.0,85,Diggersby,78,42.4,6,0
660,50,278,43,0.3,45,Fletchling,62,1.7,6,0
661,73,382,55,0.7,62,Fletchinder,84,16.0,6,0
662,81,499,71,1.2,78,Talonflame,126,24.5,6,0
663,35,200,40,0.3,38,Scatterbug,35,2.5,6,0
664,22,213,60,0.3,45,Spewpa,29,8.4,6,0
665,52,411,50,1.2,80,Vivillon,89,17.0,6,0
666,50,369,58,0.6,62,Litleo,72,13.5,6,0
667,68,507,72,1.5,86,Pyroar,106,81.5,6,0
668,38,303,39,0.1,44,Flabébé,42,0.1,6,0
669,65,551,67,0.2,74,Floette,92,0.9,6,0
670,65,552,68,1.1,78,Florges,75,10.0,6,0
671,65,350,48,0.9,66,Skiddo,52,31.0,6,0
672,100,531,62,1.7,123,Gogoat,68,91.0,6,0
673,82,348,62,0.6,67,Pancham,43,8.0,6,0
674,124,495,78,2.1,95,Pangoro,58,136.0,6,0
675,80,472,60,1.2,75,Furfrou,102,28.0,6,0
676,48,355,54,0.3,62,Espurr,68,3.5,6,0
677,48,466,76,0.6,74,Meowstic,104,8.5,6,0
678,80,325,100,0.8,45,Honedge,28,2.0,6,0
679,110,448,150,0.8,59,Doublade,35,4.5,6,0
680,150,520,50,1.7,60,Aegislash,60,53.0,6,0
681,52,341,60,0.2,78,Spritzee,23,0.5,6,0
682,72,462,72,0.8,101,Aromatisse,29,15.5,6,0
683,48,341,66,0.4,62,Swirlix,49,3.5,6,0
684,80,480,86,0.8,82,Slurpuff,72,5.0,6,0
685,54,288,53,0.4,53,Inkay,45,3.5,6,0
686,92,482,88,1.5,86,Malamar,73,47.0,6,0
687,52,306,67,0.5,42,Binacle,50,31.0,6,0
688,105,500,115,1.3,72,Barbaracle,68,96.0,6,0
689,60,320,60,0.5,50,Skrelp,30,7.3,6,0
690,75,494,90,1.8,65,Dragalge,44,81.5,6,0
691,53,330,62,0.5,50,Clauncher,44,8.3,6,0
692,73,500,88,1.3,71,Clawitzer,59,35.3,6,0
693,38,289,33,0.5,44,Helioptile,70,6.0,6,0
694,55,481,52,1.0,62,Heliolisk,109,21.0,6,0
695,89,362,77,0.8,58,Tyrunt,48,26.0,6,0
696,121,521,119,2.5,82,Tyrantrum,71,270.0,6,0
697,59,362,50,1.3,77,Amaura,46,25.2,6,0
698,77,521,72,2.7,123,Aurorus,58,225.0,6,0
699,65,525,65,1.0,95,Sylveon,60,23.5,6,0
700,92,500,75,0.8,78,Hawlucha,118,21.5,6,0
701,58,431,57,0.2,67,Dedenne,101,2.2,6,0
702,50,500,150,0.3,50,Carbink,50,5.7,6,0
703,50,300,35,0.3,45,Goomy,40,2.8,6,0
704,75,452,53,0.8,68,Sliggoo,60,17.5,6,0
705,100,600,70,2.0,90,Goodra,80,150.5,6,0
706,80,470,91,0.2,57,Klefki,75,3.0,6,0
707,70,309,48,0.4,43,Phantump,38,7.0,6,0
708,110,474,76,1.5,85,Trevenant,56,71.0,6,0
709,66,335,70,0.8,59,Pumpkaboo,41,15.0,6,0
710,100,494,122,1.7,85,Gourgeist,54,39.0,6,0
711,69,304,85,1.0,55,Bergmite,28,99.5,6,0
712,117,514,184,2.0,95,Avalugg,28,505.0,6,0
713,30,245,35,0.5,40,Noibat,55,8.0,6,0
714,70,535,80,1.5,85,Noivern,123,85.0,6,0
715,131,680,95,3.0,126,Xerneas,99,215.0,6,1
716,131,680,95,5.8,126,Yveltal,99,203.0,6,1
717,100,708,121,5.0,216,Zygarde,85,284.6,6,1
718,160,700,110,0.7,50,Diancie,110,8.8,6,1
719,160,680,60,,80,Hoopa,80,,6,1
720,110,600,120,1.7,80,Volcanion,70,195.0,6,1
721,55,320,55,0.3,68,Rowlet,42,1.5,7,0
722,75,420,75,0.7,78,Dartrix,52,16.0,7,0
723,107,530,75,1.6,78,Decidueye,70,36.6,7,0
724,65,320,40,0.4,45,Litten,70,4.3,7,0
725,85,420,50,0.7,65,Torracat,90,25.0,7,0
726,115,530,90,1.8,95,Incineroar,60,83.0,7,0
727,54,320,54,0.4,50,Popplio,40,7.5,7,0
728,69,420,69,0.6,60,Brionne,50,17.5,7,0
729,74,530,74,1.8,80,Primarina,60,44.0,7,0
730,75,265,30,0.3,35,Pikipek,65,1.2,7,0
731,85,355,50,0.6,55,Trumbeak,75,14.8,7,0
732,120,485,75,1.1,80,Toucannon,60,26.0,7,0
733,70,253,30,0.4,48,Yungoos,45,6.0,7,0
734,110,418,60,0.7,88,Gumshoos,45,14.2,7,0
735,62,300,45,0.4,47,Grubbin,46,4.4,7,0
736,82,400,95,0.5,57,Charjabug,36,10.5,7,0
737,70,500,90,1.5,77,Vikavolt,43,45.0,7,0
738,82,338,57,0.6,47,Crabrawler,63,7.0,7,0
739,132,478,77,1.7,97,Crabominable,43,180.0,7,0
740,70,476,70,0.6,75,Oricorio,93,3.4,7,0
741,45,304,40,0.1,40,Cutiefly,84,0.2,7,0
742,55,464,60,0.2,60,Ribombee,124,0.5,7,0
743,65,280,40,0.5,45,Rockruff,60,9.2,7,0
744,115,487,75,,85,Lycanroc,82,,7,0
745,140,620,130,0.2,45,Wishiwashi,30,0.3,7,0
746,53,305,62,0.4,50,Mareanie,45,8.0,7,0
747,63,495,152,0.7,50,Toxapex,35,14.5,7,0
748,100,385,70,1.0,70,Mudbray,45,110.0,7,0
749,125,500,100,2.5,100,Mudsdale,35,920.0,7,0
750,40,269,52,0.3,38,Dewpider,27,4.0,7,0
751,70,454,92,1.8,68,Araquanid,42,82.0,7,0
752,55,250,35,0.3,40,Fomantis,35,1.5,7,0
753,105,480,90,0.9,70,Lurantis,45,18.5,7,0
754,35,285,55,0.2,40,Morelull,15,1.5,7,0
755,45,405,80,1.0,60,Shiinotic,30,11.5,7,0
756,44,320,40,0.6,48,Salandit,77,4.8,7,0
757,64,480,60,1.2,68,Salazzle,117,22.2,7,0
758,75,340,50,0.5,70,Stufful,50,6.8,7,0
759,125,500,80,2.1,120,Bewear,60,135.0,7,0
760,30,210,38,0.3,42,Bounsweet,32,3.2,7,0
761,40,290,48,0.7,52,Steenee,62,8.2,7,0
762,120,510,98,1.2,72,Tsareena,72,21.4,7,0
763,52,485,90,0.1,51,Comfey,100,0.3,7,0
764,60,490,80,1.5,90,Oranguru,60,76.0,7,0
765,120,490,90,2.0,100,Passimian,80,82.8,7,0
766,35,230,40,0.5,25,Wimpod,80,12.0,7,0
767,125,530,140,2.0,75,Golisopod,40,108.0,7,0
768,55,320,80,0.5,55,Sandygast,15,70.0,7,0
769,75,480,110,1.3,85,Palossand,35,250.0,7,0
770,60,410,130,0.3,55,Pyukumuku,5,1.2,7,0
771,95,534,95,1.9,95,Type: Null,59,120.5,7,0
772,95,570,95,2.3,95,Silvally,95,100.5,7,0
773,100,500,60,0.3,60,Minior,120,40.0,7,0
774,115,480,65,0.4,65,Komala,65,19.9,7,0
775,78,485,135,2.0,60,Turtonator,36,212.0,7,0
776,98,435,63,0.3,65,Togedemaru,96,3.3,7,0
777,90,476,80,0.2,55,Mimikyu,96,0.7,7,0
778,105,475,70,0.9,68,Bruxish,92,19.0,7,0
779,60,485,85,3.0,78,Drampa,36,185.0,7,0
780,131,517,100,3.9,70,Dhelmise,40,210.0,7,0
781,55,300,65,0.6,45,Jangmo-o,45,29.7,7,0
782,75,420,90,1.2,55,Hakamo-o,65,47.0,7,0
783,110,600,125,1.6,75,Kommo-o,85,78.2,7,0
784,115,570,85,1.8,70,Tapu Koko,130,20.5,7,1
785,85,570,75,1.2,70,Tapu Lele,95,18.6,7,1
786,130,570,115,1.9,70,Tapu Bulu,75,45.5,7,1
787,75,570,115,1.3,70,Tapu Fini,85,21.2,7,1
788,29,200,31,0.2,43,Cosmog,37,0.1,7,1
789,29,400,131,0.1,43,Cosmoem,37,999.9,7,1
790,137,680,107,3.4,137,Solgaleo,97,230.0,7,1
791,113,680,89,4.0,137,Lunala,97,120.0,7,1
792,53,570,47,1.2,109,Nihilego,103,55.5,7,1
793,139,570,139,2.4,107,Buzzwole,79,333.6,7,1
794,137,570,37,1.8,71,Pheromosa,151,25.0,7,1
795,89,570,71,3.8,83,Xurkitree,83,100.0,7,1
796,101,570,103,9.2,97,Celesteela,61,999.9,7,1
797,181,570,131,0.3,59,Kartana,109,0.1,7,1
798,101,570,53,5.5,223,Guzzlord,43,888.0,7,1
799,107,600,101,2.4,97,Necrozma,79,230.0,7,1
800,95,600,115,1.0,80,Magearna,65,80.5,7,1
